Benchmark,Filename,DepthToFirst,Effectiveness,MaxDepth,NodesExplored,NodesToFirst,NumRepairs,NumYUnsat,RefsPerDepth,Runtime,TimeToFirst,UniqueEffectiveness,UniqueNodesExplored,UniqueSols,Runs
SYNTECH15-UNREAL,GyroUnrealizable_Var1_710_GyroAspect_unrealizable.spectra,1.0,0.75,3.0,20.0,5.0,15.0,0.0,5.0,0.13740000000000002,0.0911,0.5833333333333334,12.0,7.0,10
SYNTECH15-UNREAL,GyroUnrealizable_Var2_710_GyroAspect_unrealizable.spectra,1.0,0.7272727272727273,8.0,33.0,3.0,24.0,1.0,3.6666666666666665,0.30460000000000004,0.0708,0.5714285714285714,21.0,12.0,10
SYNTECH15-UNREAL,HumanoidLTL_458_Humanoid_fixed_unrealizable.spectra,1.0,0.5,1.0,2.0,2.0,1.0,0.0,1.0,0.0187,0.0183,0.5,2.0,1.0,10
SYNTECH15-UNREAL,HumanoidLTL_531_Humanoid_unrealizable.spectra,1.0,0.5787974058965937,4.8,1760.5,5.0,1042.2,0.0,295.6633333333333,554.6799,0.49770000000000003,0.06340408805031447,98.8,6.0,10
SYNTECH15-UNREAL,HumanoidLTL_713_Humanoid_unrealizable.spectra,,0.0,27.0,29.0,,0.0,0.0,1.0,0.4077,-0.001,0.0,28.0,0.0,10
SYNTECH15-UNREAL,HumanoidLTL_742_Humanoid_unrealizable.spectra,1.0,0.75,1.0,4.0,2.0,3.0,0.0,2.0,0.10469999999999999,0.0664,0.75,4.0,3.0,10
SYNTECH15-UNREAL,HumanoidLTL_NotRealizable2_879_Humanoid_unrealizable.spectra,,0.0,27.0,29.0,,0.0,0.0,1.0,0.38730000000000003,-0.001,0.0,28.0,0.0,10
SYNTECH15-UNREAL,HumanoidLTL_NotRealizable2_884_Humanoid_unrealizable.spectra,,0.0,27.0,29.0,,0.0,0.0,1.0,0.4948,-0.001,0.0,28.0,0.0,10
SYNTECH15-UNREAL,PCarLTL_Unrealizable_V_2_unrealizable0_888_PCar_fixed_unrealizable.spectra,1.0,0.442572741194487,13.0,653.0,5.0,289.0,154.0,46.642857142857146,94.5581,0.1317,0.27054108216432865,499.0,135.0,10
SIMPLE,LGS.spectra,1.0,0.5,1.0,2.0,2.0,1.0,0.0,1.0,0.0167,0.016300000000000002,0.5,2.0,1.0,10
SIMPLE,Lift.spectra,1.0,0.8214285714285714,14.0,980.0,4.0,805.0,7.0,65.33333333333333,5.4818,0.0393,0.5580808080808081,396.0,221.0,10
SIMPLE,RG.spectra,1.0,0.7,2.0,10.0,4.0,7.0,0.0,3.3333333333333335,0.032,0.0259,0.5714285714285714,7.0,4.0,10
SIMPLE,RG1.spectra,2.0,0.7514285714285714,7.0,350.0,9.0,263.0,0.0,43.75,0.8362,0.048799999999999996,0.5735294117647058,204.0,117.0,10
SIMPLE,RG2.spectra,3.0,0.6521739130434783,3.0,23.0,9.0,15.0,0.0,5.75,0.0685,0.047799999999999995,0.6,20.0,12.0,10
SYNTECH15-1UNREAL,ColorSortLTL2TAG_789_ColorSort_1.spectra,,0.0,4.0,133.3,,0.0,0.0,26.619999999999997,658.7781,-0.001,0.0,133.1,0.0,10
SYNTECH15-1UNREAL,ColorSortLTL2TAG_789_ColorSort_2.spectra,,0.0,3.1,170.9,,0.0,0.0,41.44,653.5899,-0.001,0.0,153.4,0.0,10
SYNTECH15-1UNREAL,ColorSortLTL2TAG_789_ColorSort_3.spectra,,0.0,4.5,154.9,,0.0,0.0,27.993333333333332,650.4032,-0.001,0.0,154.6,0.0,10
SYNTECH15-1UNREAL,ColorSortLTL2_621_ColorSort_fixed_1.spectra,,0.0,485.9,868.8,,0.0,0.0,1.784133563177597,633.6850000000001,-0.001,0.0,868.7,0.0,10
SYNTECH15-1UNREAL,ColorSortLTL2_794_ColorSort_fixed_1.spectra,,0.0,486.0,911.3,,0.0,0.0,1.8696098562628336,653.2265,-0.001,0.0,910.5,0.0,10
SYNTECH15-1UNREAL,ColorSortLTL3TAG_787_ColorSort_1.spectra,,0.0,5.0,259.2,,0.0,0.0,43.11666666666667,646.0064,-0.001,0.0,258.7,0.0,10
SYNTECH15-1UNREAL,ColorSortLTL3TAG_787_ColorSort_2.spectra,,0.0,4.0,393.1,,0.0,0.0,78.47999999999999,660.0023,-0.001,0.0,375.4,0.0,10
SYNTECH15-1UNREAL,ColorSortLTL3TAG_787_ColorSort_3.spectra,,0.0,5.0,324.6,,0.0,0.0,54.016666666666666,660.0024,-0.001,0.0,324.1,0.0,10
SYNTECH15-1UNREAL,ColorSortLTL3_621_ColorSort_fixed_1.spectra,,0.0,964.7,1126.5,,0.0,0.0,1.1658741243737865,653.1074,-0.001,0.0,1125.9,0.0,10
SYNTECH15-1UNREAL,ColorSortLTL3_646_ColorSort_fixed_1.spectra,,0.0,6.0,906.4,,0.0,0.0,129.37142857142857,658.2008,-0.001,0.0,901.5,0.0,10
SYNTECH15-1UNREAL,ColorSortLTL3_662_ColorSort_fixed_1.spectra,360.0,0.002770083102493075,360.0,361.0,361.0,1.0,0.0,1.0,11.2665,11.266200000000001,0.002770083102493075,361.0,1.0,10
SYNTECH15-1UNREAL,ColorSortLTL3_674_ColorSort_fixed_1.spectra,,0.0,3.0,321.0,,0.0,0.0,80.1,660.0020999999999,-0.001,0.0,312.4,0.0,10
SYNTECH15-1UNREAL,ColorSortLTL3_674_ColorSort_fixed_2.spectra,,0.0,2.3,173.2,,0.0,0.0,52.166666666666664,651.5872999999999,-0.001,0.0,172.9,0.0,10
SYNTECH15-1UNREAL,ColorSortLTL3_675_ColorSort_fixed_1.spectra,,0.0,2.0,112.1,,0.0,0.0,37.3,660.0022,-0.001,0.0,111.9,0.0,10
SYNTECH15-1UNREAL,ColorSortLTL3_675_ColorSort_fixed_2.spectra,,0.0,2.0,93.4,,0.0,0.0,31.0,655.4703,-0.001,0.0,93.0,0.0,10
SYNTECH15-1UNREAL,ColorSortLTL3_678_ColorSort_fixed_1.spectra,,0.0,2.0,111.9,,0.0,0.0,37.266666666666666,660.0022,-0.001,0.0,111.8,0.0,10
SYNTECH15-1UNREAL,ColorSortLTL3_678_ColorSort_fixed_2.spectra,,0.0,2.0,81.7,,0.0,0.0,27.166666666666668,624.8255,-0.001,0.0,81.5,0.0,10
SYNTECH15-1UNREAL,ColorSortLTL3_679_ColorSort_fixed_1.spectra,,0.0,3.0,96.9,,0.0,0.0,24.15,660.0020999999999,-0.001,0.0,96.6,0.0,10
SYNTECH15-1UNREAL,ColorSortLTL3_679_ColorSort_fixed_2.spectra,,0.0,5.5,385.7,,0.0,0.0,58.63809523809524,658.7004,-0.001,0.0,384.8,0.0,10
SYNTECH15-1UNREAL,ColorSortLTL3_681_ColorSort_fixed_1.spectra,,0.0,3.0,97.7,,0.0,0.0,24.225,660.0026,-0.001,0.0,96.8,0.0,10
SYNTECH15-1UNREAL,ColorSortLTL3_681_ColorSort_fixed_2.spectra,,0.0,5.3,333.1,,0.0,0.0,52.30952380952381,631.0600000000001,-0.001,0.0,332.6,0.0,10
SYNTECH15-1UNREAL,ColorSortLTL3_682_ColorSort_fixed_1.spectra,,0.0,3.0,110.3,,0.0,0.0,27.35,656.1773000000001,-0.001,0.0,108.5,0.0,10
SYNTECH15-1UNREAL,ColorSortLTL3_682_ColorSort_fixed_2.spectra,,0.0,60.0,61.0,,0.0,1.0,1.0,89.9496,-0.001,0.0,61.0,0.0,10
SYNTECH15-1UNREAL,ColorSortLTL3_682_ColorSort_fixed_3.spectra,,0.0,2.0,12.0,,0.0,0.0,4.0,660.0024,-0.001,0.0,12.0,0.0,10
SYNTECH15-1UNREAL,ColorSortLTL3_687_ColorSort_fixed_1.spectra,,0.0,3.0,114.3,,0.0,0.0,28.35,660.0022,-0.001,0.0,112.4,0.0,10
SYNTECH15-1UNREAL,ColorSortLTL3_687_ColorSort_fixed_2.spectra,,0.0,60.0,61.0,,0.0,1.0,1.0,78.0116,-0.001,0.0,61.0,0.0,10
SYNTECH15-1UNREAL,ColorSortLTL3_687_ColorSort_fixed_3.spectra,,0.0,3.0,187.7,,0.0,0.0,46.775,656.7689,-0.001,0.0,180.0,0.0,10
SYNTECH15-1UNREAL,ColorSortLTL3_687_ColorSort_fixed_4.spectra,,0.0,3.0,37.0,,0.0,0.0,9.25,660.0022,-0.001,0.0,37.0,0.0,10
SYNTECH15-1UNREAL,ColorSortLTL3_688_ColorSort_fixed_1.spectra,,0.0,3.0,45.0,,0.0,0.0,11.25,660.0024,-0.001,0.0,45.0,0.0,10
SYNTECH15-1UNREAL,ColorSortLTL3_688_ColorSort_fixed_2.spectra,,0.0,4.0,137.5,,0.0,0.0,27.439999999999998,660.002,-0.001,0.0,137.2,0.0,10
SYNTECH15-1UNREAL,ColorSortLTL3_688_ColorSort_fixed_3.spectra,,0.0,4.0,122.9,,0.0,0.0,24.46,651.0134,-0.001,0.0,122.3,0.0,10
SYNTECH15-1UNREAL,ColorSortLTL3_688_ColorSort_fixed_4.spectra,,0.0,4.0,231.7,,0.0,0.0,46.28,654.0058,-0.001,0.0,231.4,0.0,10
SYNTECH15-1UNREAL,ColorSortLTL3_688_ColorSort_fixed_5.spectra,,0.0,60.0,61.0,,0.0,1.0,1.0,34.0726,-0.001,0.0,61.0,0.0,10
SYNTECH15-1UNREAL,ColorSortLTL3_688_ColorSort_fixed_6.spectra,,0.0,3.0,170.2,,0.0,0.0,42.4,659.7169,-0.001,0.0,163.6,0.0,10
SYNTECH15-1UNREAL,ColorSortLTL3_688_ColorSort_fixed_7.spectra,,0.0,5.0,367.3,,0.0,0.0,61.15,638.5975,-0.001,0.0,366.9,0.0,10
SYNTECH15-1UNREAL,ColorSortLTLTAG_788_ColorSort_1.spectra,,0.0,4.5,217.6,,0.0,0.0,39.35666666666667,642.0814,-0.001,0.0,217.6,0.0,10
SYNTECH15-1UNREAL,ColorSortLTLTAG_788_ColorSort_2.spectra,,0.0,3.9,271.3,,0.0,0.0,55.089999999999996,655.0486,-0.001,0.0,255.0,0.0,10
SYNTECH15-1UNREAL,ColorSortLTLTAG_788_ColorSort_3.spectra,,0.0,5.0,350.3,,0.0,0.0,58.33333333333333,652.6614999999999,-0.001,0.0,350.0,0.0,10
SYNTECH15-1UNREAL,ColorSortLTLTAG_792_ColorSort_1.spectra,,0.0,4.4,195.7,,0.0,0.0,36.05333333333333,651.5929,-0.001,0.0,195.5,0.0,10
SYNTECH15-1UNREAL,ColorSortLTLTAG_792_ColorSort_2.spectra,,0.0,3.1,163.3,,0.0,0.0,39.595,641.5615,-0.001,0.0,156.0,0.0,10
SYNTECH15-1UNREAL,ColorSortLTLTAG_792_ColorSort_3.spectra,,0.0,4.1,193.8,,0.0,0.0,38.019999999999996,660.0023,-0.001,0.0,193.8,0.0,10
SYNTECH15-1UNREAL,GyroLTLVar2_701_GyroAspect_fixed_1.spectra,1.0,0.2481657152213049,5.7,536.7,5.0,133.2,0.0,79.7642857142857,660.0028,0.5263,0.04733090787661827,422.5,19.7,10
SYNTECH15-1UNREAL,GyroLTLVar2_701_GyroAspect_fixed_2.spectra,1.0,0.24674509439360545,5.0,286.4,5.0,70.7,0.0,47.65,654.0043,1.0948,0.1338768024738376,248.1,32.9,10
SYNTECH15-1UNREAL,GyroLTLVar2_701_GyroAspect_fixed_3.spectra,1.0,0.24716810982245924,5.0,295.2,5.0,73.0,0.0,49.18333333333334,660.0023,0.7976,0.21735147853461417,283.7,61.6,10
SYNTECH15-1UNREAL,GyroLTLVar3_702_GyroAspect_1.spectra,1.0,0.5,1.0,2.0,2.0,1.0,0.0,1.0,0.025500000000000002,0.0253,0.5,2.0,1.0,10
SYNTECH15-1UNREAL,GyroLTLVar3_702_GyroAspect_2.spectra,4.0,0.7390300230946882,8.0,433.0,51.0,320.0,0.0,48.111111111111114,4.819599999999999,0.8801,0.5767790262172284,267.0,154.0,10
SYNTECH15-1UNREAL,GyroLTLVar3_702_GyroAspect_3.spectra,4.0,0.30189460654142625,6.5,1623.8,58.0,489.9,3.0,216.11071428571427,606.1982,1.8573999999999997,0.14851553205583973,1317.1,194.9,10
SYNTECH15-1UNREAL,GyroLTLVar3_702_GyroAspect_4.spectra,1.0,0.7272727272727273,8.0,33.0,3.0,24.0,1.0,3.6666666666666665,0.3074,0.0776,0.5714285714285714,21.0,12.0,10
SYNTECH15-1UNREAL,GyroLTLVar3_702_GyroAspect_5.spectra,1.0,0.7368421052631579,3.0,19.0,5.0,14.0,0.0,4.75,0.1614,0.11300000000000002,0.5833333333333334,12.0,7.0,10
SYNTECH15-1UNREAL,GyroLTL_390_GyroAspect_1.spectra,1.0,0.7692307692307693,3.0,13.0,3.0,10.0,0.0,3.25,0.041999999999999996,0.026000000000000002,0.6666666666666666,9.0,6.0,10
SYNTECH15-1UNREAL,GyroLTL_390_GyroAspect_2.spectra,2.0,0.7058823529411765,3.0,17.0,5.0,12.0,0.0,4.25,0.0502,0.0329,0.5454545454545454,11.0,6.0,10
SYNTECH15-1UNREAL,GyroLTL_390_GyroAspect_3.spectra,1.0,0.7,2.0,10.0,4.0,7.0,0.0,3.3333333333333335,0.0513,0.041,0.625,8.0,5.0,10
SYNTECH15-1UNREAL,GyroLTL_390_GyroAspect_4.spectra,1.0,0.5,1.0,2.0,2.0,1.0,0.0,1.0,0.0188,0.0186,0.5,2.0,1.0,10
SYNTECH15-1UNREAL,GyroLTL_486_GyroAspect_1.spectra,1.0,0.7526881720430108,23.0,93.0,3.0,70.0,0.0,3.875,0.37750000000000006,0.0327,0.6567164179104478,67.0,44.0,10
SYNTECH15-1UNREAL,GyroLTL_486_GyroAspect_2.spectra,2.0,0.7058823529411765,3.0,17.0,5.0,12.0,0.0,4.25,0.08030000000000001,0.0495,0.5454545454545454,11.0,6.0,10
SYNTECH15-1UNREAL,GyroLTL_486_GyroAspect_3.spectra,1.0,0.7,2.0,10.0,4.0,7.0,0.0,3.3333333333333335,0.07680000000000001,0.0618,0.625,8.0,5.0,10
SYNTECH15-1UNREAL,GyroLTL_486_GyroAspect_4.spectra,2.0,0.3333333333333333,2.0,3.0,3.0,1.0,0.0,1.0,0.032,0.0317,0.3333333333333333,3.0,1.0,10
SYNTECH15-1UNREAL,GyroLTL_588_GyroAspect_1.spectra,2.0,0.7257472372935125,27.9,6296.1,9.0,4570.3,0.0,217.01774888765294,621.3099,0.1341,0.5232442921133916,2984.4,1560.2,10
SYNTECH15-1UNREAL,GyroLTL_588_GyroAspect_2.spectra,2.0,0.7382456140350877,26.0,1425.0,14.0,1052.0,0.0,52.777777777777786,36.603899999999996,0.1779,0.5522208883553421,833.0,460.0,10
SYNTECH15-1UNREAL,GyroLTL_588_GyroAspect_3.spectra,2.0,0.6644110953677499,11.5,2338.9,8.0,1554.6,0.0,186.6596153846154,631.3763,0.1764,0.3808565222488613,1141.2,434.1,10
SYNTECH15-1UNREAL,GyroLTL_588_GyroAspect_4.spectra,2.0,0.3333333333333333,2.0,3.0,3.0,1.0,0.0,1.0,0.0328,0.032600000000000004,0.3333333333333333,3.0,1.0,10
SYNTECH15-1UNREAL,GyroLTL_590_GyroAspect_1.spectra,2.0,0.7253058021563885,24.0,5760.6,9.0,4178.2,0.0,230.42399999999998,454.3398,0.1262,0.44923757881462867,2158.1,969.5,10
SYNTECH15-1UNREAL,GyroLTL_590_GyroAspect_2.spectra,4.0,0.6889952153110048,6.0,209.0,45.0,144.0,0.0,29.857142857142854,1.2783,0.4932,0.3564356435643564,101.0,36.0,10
SYNTECH15-1UNREAL,GyroLTL_590_GyroAspect_3.spectra,4.0,0.6808176100628931,9.0,1272.0,56.0,866.0,0.0,127.2,102.032,1.5614000000000001,0.49313358302122345,801.0,395.0,10
SYNTECH15-1UNREAL,GyroLTL_590_GyroAspect_4.spectra,2.0,0.3333333333333333,2.0,3.0,3.0,1.0,0.0,1.0,0.0268,0.026600000000000002,0.3333333333333333,3.0,1.0,10
SYNTECH15-1UNREAL,GyroLTL_590_GyroAspect_5.spectra,2.0,0.7222439798937721,23.0,4830.5,9.0,3488.8,0.0,201.27083333333331,327.8468,0.1638,0.48727609014810014,2094.5,1020.6,10
SYNTECH15-1UNREAL,GyroLTL_595_GyroAspect_fixed_1.spectra,1.0,0.5,1.0,2.0,2.0,1.0,0.0,1.0,0.0795,0.0789,0.5,2.0,1.0,10
SYNTECH15-1UNREAL,GyroLTL_595_GyroAspect_fixed_2.spectra,4.0,0.5337233600963032,7.3,1869.6,51.0,998.5,0.0,224.14861111111114,644.1493,1.7503,0.2530388659398528,1148.5,289.4,10
SYNTECH15-1UNREAL,GyroLTL_595_GyroAspect_fixed_3.spectra,2.0,0.17952594156907917,5.3,436.1,7.0,78.3,0.0,68.84761904761905,654.0062,0.36819999999999997,0.13377776645410094,406.9,54.4,10
SYNTECH15-1UNREAL,GyroLTL_595_GyroAspect_fixed_4.spectra,2.0,0.2184152174703149,5.0,665.6,9.0,145.2,0.0,110.8,660.0023,0.6089,0.06842282637943845,485.4,33.2,10
SYNTECH15-1UNREAL,GyroLTL_637_GyroAspect_fixed_1.spectra,4.0,0.5359344122156604,7.7,2048.6,51.0,1098.4,0.0,234.71666666666664,655.7362,2.0324999999999998,0.24950300613604157,1246.9,310.1,10
SYNTECH15-1UNREAL,GyroLTL_637_GyroAspect_fixed_2.spectra,2.0,0.39762899432446924,6.8,906.7,7.0,359.8,0.0,115.99107142857142,654.0049,0.3802,0.24350575067677188,660.1,160.4,10
SYNTECH15-1UNREAL,GyroLTL_637_GyroAspect_fixed_3.spectra,1.0,0.10479243509861766,6.0,515.7,4.0,54.0,0.0,73.57142857142858,660.0020999999999,0.16699999999999998,0.053456799566732084,468.1,25.0,10
SYNTECH15-1UNREAL,GyroLTL_700_GyroAspect_fixed_1.spectra,4.0,0.5356666989032576,7.5,2055.4,51.0,1101.4,0.0,241.56388888888887,654.0445,1.9873,0.25125494072206844,1255.4,314.7,10
SYNTECH15-1UNREAL,GyroLTL_700_GyroAspect_fixed_2.spectra,2.0,0.40172908108467686,6.7,861.6,7.0,345.7,0.0,111.41964285714286,660.004,0.3807,0.2477874829050431,629.6,155.5,10
SYNTECH15-1UNREAL,GyroLTL_700_GyroAspect_fixed_3.spectra,1.0,0.100712967032542,6.0,491.2,4.0,50.0,0.0,70.04285714285714,660.0037,0.1945,0.053229464168701765,447.2,23.9,10
SYNTECH15-1UNREAL,HumanoidLTLVar3_872_Humanoid_1.spectra,5.0,0.16666666666666666,5.0,6.0,6.0,1.0,0.0,1.0,0.13069999999999998,0.1302,0.16666666666666666,6.0,1.0,10
SYNTECH15-1UNREAL,HumanoidLTLVar3_872_Humanoid_2.spectra,,0.0,4.0,561.0,,0.0,0.0,112.16,641.3968,-0.001,0.0,487.4,0.0,10
SYNTECH15-1UNREAL,HumanoidLTL_460_Humanoid_1.spectra,1.0,0.6,2.0,5.0,3.0,3.0,0.0,1.6666666666666667,0.06609999999999999,0.0546,0.6,5.0,3.0,10
SYNTECH15-1UNREAL,HumanoidLTL_462_Humanoid_1.spectra,1.0,0.5555555555555556,4.0,9.0,3.0,5.0,0.0,1.8,0.1244,0.0674,0.5555555555555556,9.0,5.0,10
SYNTECH15-1UNREAL,HumanoidLTL_533_Humanoid_1.spectra,1.0,0.6666666666666666,2.0,6.0,2.0,4.0,0.0,2.0,0.1451,0.0743,0.6666666666666666,6.0,4.0,10
SYNTECH15-1UNREAL,HumanoidLTL_533_Humanoid_2.spectra,3.0,0.09240248001300386,68.0,1425.2,19.0,131.0,956.7,21.120289855072464,353.9157,0.5964,0.00075342073629197,1327.3,1.0,10
SYNTECH15-1UNREAL,HumanoidLTL_556_Humanoid_1.spectra,3.0,0.011442163849759929,3.0,327.2,118.0,3.8,0.0,81.65,655.4694999999999,68.8763,0.013774318368783778,272.1,3.8,10
SYNTECH15-1UNREAL,HumanoidLTL_556_Humanoid_2.spectra,3.0,0.2549767262697539,5.0,387.2,33.0,98.7,0.0,64.51666666666667,660.0024,5.794,0.24528159876343789,382.1,93.7,10
SYNTECH15-1UNREAL,HumanoidLTL_743_Humanoid_1.spectra,4.0,0.002517103528300802,4.7,347.7,272.0,0.9,0.0,60.82666666666667,642.0658999999999,344.5413,0.002517103528300802,347.7,0.9,10
SYNTECH15-1UNREAL,HumanoidLTL_743_Humanoid_2.spectra,3.0,0.01634206196333795,3.0,369.8,81.0,6.0,0.0,92.35,647.6396,28.874399999999998,0.019167100184778157,314.8,6.0,10
SYNTECH15-1UNREAL,HumanoidLTL_747_Humanoid_1.spectra,4.0,0.2,4.0,5.0,5.0,1.0,0.0,1.0,0.0918,0.0915,0.2,5.0,1.0,10
SYNTECH15-1UNREAL,HumanoidLTL_747_Humanoid_2.spectra,,0.0,4.0,464.5,,0.0,0.0,92.86,653.7718,-0.001,0.0,463.1,0.0,10
SYNTECH15-1UNREAL,HumanoidLTL_747_Humanoid_3.spectra,3.0,0.005381803612688345,3.0,373.5,137.0,2.0,0.0,93.3,640.7916,74.35470000000001,0.003191406232733546,314.8,1.0,10
SYNTECH15-1UNREAL,HumanoidLTL_750_Humanoid_1.spectra,4.0,0.2,4.0,5.0,5.0,1.0,0.0,1.0,0.1658,0.16570000000000001,0.2,5.0,1.0,10
SYNTECH15-1UNREAL,HumanoidLTL_750_Humanoid_2.spectra,,0.0,4.0,306.0,,0.0,0.0,61.14,652.4939,-0.001,0.0,303.7,0.0,10
SYNTECH15-1UNREAL,HumanoidLTL_776_Humanoid_1.spectra,16.0,0.058823529411764705,16.0,17.0,17.0,1.0,0.0,1.0,2.0705,2.0703,0.058823529411764705,17.0,1.0,10
SYNTECH15-1UNREAL,HumanoidLTL_776_Humanoid_2.spectra,,0.0,4.0,231.3,,0.0,0.0,46.22,660.0028,-0.001,0.0,230.1,0.0,10
SYNTECH15-1UNREAL,HumanoidLTL_776_Humanoid_3.spectra,,0.0,3.0,189.5,,0.0,0.0,47.225,660.0026,-0.001,0.0,172.7,0.0,10
SYNTECH15-1UNREAL,HumanoidLTL_776_Humanoid_4.spectra,,0.0,3.0,144.8,,0.0,0.0,36.175,631.3984,-0.001,0.0,136.6,0.0,10
SYNTECH15-1UNREAL,HumanoidLTL_776_Humanoid_5.spectra,,0.0,3.0,140.6,,0.0,0.0,35.1,646.7225000000001,-0.001,0.0,132.4,0.0,10
SYNTECH15-1UNREAL,HumanoidLTL_874_Humanoid_1.spectra,16.0,0.058823529411764705,16.0,17.0,17.0,1.0,0.0,1.0,2.2045000000000003,2.2041,0.058823529411764705,17.0,1.0,10
SYNTECH15-1UNREAL,HumanoidLTL_874_Humanoid_2.spectra,,0.0,4.0,227.0,,0.0,0.0,45.38,654.9483,-0.001,0.0,225.9,0.0,10
SYNTECH15-1UNREAL,HumanoidLTL_874_Humanoid_3.spectra,,0.0,3.0,155.3,,0.0,0.0,38.75,650.6546999999999,-0.001,0.0,142.8,0.0,10
SYNTECH15-1UNREAL,HumanoidLTL_874_Humanoid_4.spectra,,0.0,3.0,144.5,,0.0,0.0,36.125,655.1692,-0.001,0.0,136.5,0.0,10
SYNTECH15-1UNREAL,HumanoidLTL_874_Humanoid_5.spectra,,0.0,3.0,144.4,,0.0,0.0,36.075,637.3611,-0.001,0.0,136.3,0.0,10
SYNTECH15-1UNREAL,PCarLTL_Unrealizable_V_20_882_PCar_fixed_1.spectra,1.0,0.442572741194487,13.0,653.0,5.0,289.0,154.0,46.642857142857146,81.02369999999999,0.1266,0.27054108216432865,499.0,135.0,10
SYNTECH15-1UNREAL,PCarLTL_V_10_866_PCar_fixed_1.spectra,,0.0,0.0,1.0,,0.0,1.0,1.0,0.0316,-0.001,0.0,1.0,0.0,10
SYNTECH15-1UNREAL,PCarLTL_V_10_866_PCar_fixed_2.spectra,,0.0,0.0,1.0,,0.0,1.0,1.0,0.0284,-0.001,0.0,1.0,0.0,10
SYNTECH15-1UNREAL,PCarLTL_V_10_866_PCar_fixed_3.spectra,2.0,0.13122291282322437,5.0,525.9,19.0,68.9,0.0,87.65,641.5267,2.0598,0.09359666323048313,504.3,47.3,10
SYNTECH15-1UNREAL,PCarLTL_V_10_866_PCar_fixed_4.spectra,,0.0,0.0,1.0,,0.0,1.0,1.0,0.0256,-0.001,0.0,1.0,0.0,10
SYNTECH15-1UNREAL,PCarLTL_V_20_868_PCar_fixed_1.spectra,,0.0,0.0,1.0,,0.0,1.0,1.0,0.0086,-0.001,0.0,1.0,0.0,10
SYNTECH15-1UNREAL,PCarLTL_V_20_868_PCar_fixed_2.spectra,,0.0,0.0,1.0,,0.0,1.0,1.0,0.008499999999999999,-0.001,0.0,1.0,0.0,10
SYNTECH15-1UNREAL,PcarLTL_394_PCar_1.spectra,3.0,0.6857142857142857,5.0,70.0,14.0,48.0,0.0,11.666666666666666,0.3189,0.1213,0.5111111111111111,45.0,23.0,10
SYNTECH15-1UNREAL,PcarLTL_463_PCar_1.spectra,3.0,0.6857142857142857,5.0,70.0,14.0,48.0,0.0,11.666666666666666,0.3053,0.1099,0.5111111111111111,45.0,23.0,10
SYNTECH15-1UNREAL,PcarLTL_464_PCar_fixed_1.spectra,3.0,0.6730769230769231,4.0,52.0,14.0,35.0,0.0,10.4,0.5284000000000001,0.305,0.5,34.0,17.0,10
SYNTECH15-1UNREAL,PcarLTL_552_PCar_1.spectra,3.0,0.13630636393675197,6.2,1705.6,71.0,235.1,0.0,236.23928571428573,642.7392,1.8351,0.07724719292620665,1589.7,123.4,10
SYNTECH15-1UNREAL,PcarLTL_553_PCar_1.spectra,3.0,0.13419998439772557,6.2,1749.8,71.0,237.7,0.0,242.41785714285714,651.6555000000001,1.8378,0.07570310743645109,1630.4,124.2,10
SYNTECH15-1UNREAL,PcarLTL_758_PCar_fixed_1.spectra,3.0,0.4315349899016672,7.2,2473.1,46.0,1069.3,0.0,300.8569444444444,646.0196,0.9924,0.1811649974015244,1716.9,313.6,10
SYNTECH15-1UNREAL,PcarLTL_758_PCar_fixed_2.spectra,5.0,0.006341726168419505,6.0,1639.4,1063.0,10.8,0.0,234.12857142857143,657.8448999999999,331.9892,0.005626769781261259,1637.7,9.6,10
SYNTECH15-1UNREAL,PcarLTL_763_PCar_fixed_1.spectra,1.0,0.442572741194487,13.0,653.0,5.0,289.0,154.0,46.642857142857146,68.23299999999999,0.1286,0.27054108216432865,499.0,135.0,10
SYNTECH15-1UNREAL,PcarLTL_811_PCar_fixed_1.spectra,,0.0,0.0,1.0,,0.0,1.0,1.0,0.0289,-0.001,0.0,1.0,0.0,10
SYNTECH15-1UNREAL,PcarLTL_811_PCar_fixed_2.spectra,,0.0,0.0,1.0,,0.0,1.0,1.0,0.027600000000000003,-0.001,0.0,1.0,0.0,10
SYNTECH15-1UNREAL,PcarLTL_811_PCar_fixed_3.spectra,2.0,0.13240416402168084,5.0,485.4,19.0,64.1,0.0,80.86666666666667,644.6016999999999,2.1521999999999997,0.09355983623847035,464.6,43.5,10
SYNTECH15-1UNREAL,PcarLTL_811_PCar_fixed_4.spectra,,0.0,0.0,1.0,,0.0,1.0,1.0,0.0247,-0.001,0.0,1.0,0.0,10
SYNTECH15-1UNREAL,PcarLTL_820_PCar_fixed_1.spectra,2.0,0.10320323499426273,5.0,425.5,19.0,44.0,0.0,70.91666666666667,645.9715,2.3646000000000003,0.0736464547542787,411.9,30.4,10
SYNTECH15-1UNREAL,PcarLTL_820_PCar_fixed_2.spectra,,0.0,2.0,3.0,,0.0,1.0,1.0,0.13720000000000002,-0.001,0.0,3.0,0.0,10
SYNTECH15-1UNREAL,PcarLTL_830_PCar_fixed_1.spectra,,0.0,5.0,309.0,,0.0,0.0,51.483333333333334,629.8952,-0.001,0.0,308.9,0.0,10
SYNTECH15-1UNREAL,PcarLTL_830_PCar_fixed_2.spectra,2.0,0.3333333333333333,2.0,3.0,3.0,1.0,0.0,1.0,0.1981,0.1975,0.3333333333333333,3.0,1.0,10
SYNTECH15-1UNREAL,PcarLTL_856_PCar_fixed_1.spectra,,0.0,0.0,1.0,,0.0,1.0,1.0,0.0086,-0.001,0.0,1.0,0.0,10
SYNTECH15-1UNREAL,PcarLTL_856_PCar_fixed_2.spectra,,0.0,0.0,1.0,,0.0,1.0,1.0,0.0092,-0.001,0.0,1.0,0.0,10
SYNTECH15-1UNREAL,PcarLTL_857_PCar_fixed_1.spectra,,0.0,0.0,1.0,,0.0,1.0,1.0,0.008799999999999999,-0.001,0.0,1.0,0.0,10
SYNTECH15-1UNREAL,PcarLTL_857_PCar_fixed_2.spectra,,0.0,0.0,1.0,,0.0,1.0,1.0,0.008499999999999999,-0.001,0.0,1.0,0.0,10
SYNTECH15-1UNREAL,PcarLTL_860_PCar_fixed_1.spectra,4.0,0.2,4.0,5.0,5.0,1.0,0.0,1.0,2.1427,2.1422999999999996,0.2,5.0,1.0,10
SYNTECH15-1UNREAL,PcarLTL_860_PCar_fixed_2.spectra,,0.0,3.2,87.4,,0.0,0.0,20.369999999999997,654.0056,-0.001,0.0,86.9,0.0,10
SYNTECH15-UNREAL,ColorSortLTL3_689_ColorSort_fixed_unrealizable.spectra,,0.0,3.0,45.0,,0.0,0.0,11.25,660.0024999999999,-0.001,0.0,45.0,0.0,10
SYNTECH15-UNREAL,ColorSortLTLUnrealizable1_790_ColorSort_unrealizable.spectra,,0.0,5.1,242.9,,0.0,0.0,39.6452380952381,660.0026,-0.001,0.0,242.3,0.0,10
SYNTECH15-UNREAL,ColorSortLTLUnrealizable2_791_ColorSort_unrealizable.spectra,,0.0,144.6,145.8,,0.0,0.0,1.0,660.0024,-0.001,0.0,145.6,0.0,10
SYNTECH15-UNREAL,HumanoidLTL_503_Humanoid_fixed_unrealizable.spectra,,0.0,5.4,892.5,,0.0,0.0,139.28571428571428,660.0024,-0.001,0.0,891.5,0.0,10
SYNTECH15-UNREAL,HumanoidLTL_741_Humanoid_unrealizable.spectra,,0.0,3.0,196.0,,0.0,0.0,48.95,655.5469,-0.001,0.0,175.5,0.0,10
